{
    "__comment": "JimStoneCraft - 2019",
    "textures": {
        "particle": "block/bell",
        "bar": "block/bell_bar",
        "post": "block/bell_post"
    },
    "elements": [
        {
            "from": [ 3, 13, 7 ],
            "to": [ 14, 15, 9 ],
            "faces": {
                "down":  { "uv": [  0, 0, 13, 2 ], "texture": "#bar" },
                "up":    { "uv": [  0, 2, 13, 4 ], "texture": "#bar" },
                "north": { "uv": [  0, 4, 13, 6 ], "texture": "#bar" },
                "south": { "uv": [  0, 6, 13, 8 ], "texture": "#bar" },
                "west":  { "uv": [ 14, 0, 16, 2 ], "texture": "#bar" }
            }
        },
        {
            "from": [ 14, 12, 6 ],
            "to": [ 16, 16, 10 ],
            "faces": {
                "down":  { "uv": [ 12, 0, 16, 2 ], "texture": "#post", "rotation": 90 },
                "up":    { "uv": [ 12, 2, 16, 4 ], "texture": "#post", "rotation": 90, "cullface": "up" },
                "north": { "uv": [ 10, 0, 12, 4 ], "texture": "#post" },
                "south": { "uv": [  8, 0, 10, 4 ], "texture": "#post" },
                "west":  { "uv": [  4, 0,  8, 4 ], "texture": "#post" },
                "east":  { "uv": [  0, 0,  4, 4 ], "texture": "#post", "cullface": "east" }
            }
        }
    ]
}
