{
    "__comment": "JimStoneCraft - 2018",
    "ambientocclusion": false,
    "textures": {
        "particle": "block/cauldron_side",
        "top": "block/cauldron_top",
        "bottom": "block/cauldron_bottom",
        "side": "block/cauldron_side",
        "inside": "block/cauldron_inner",
        "inside_side": "block/cauldron_inner_side",
        "water": "block/water_still"
    },
    "elements": [
        {   "__comment": "West",
            "from": [ 0, 2, 0 ],
            "to": [ 2, 16, 16 ],
            "faces": {
                "down":  { "uv": [ 16, 16, 14,  0 ], "texture": "#bottom" },
                "up":    { "uv": [  0,  0,  2, 16 ], "texture": "#top", "cullface": "up" },
                "north": { "uv": [  2,  0,  0, 14 ], "texture": "#side", "cullface": "north" },
                "south": { "uv": [  0,  0,  2, 14 ], "texture": "#side", "cullface": "south" },
                "west":  { "uv": [  0,  0, 16, 14 ], "texture": "#side", "cullface": "west" },
                "east":  { "uv": [  0,  0, 16, 14 ], "texture": "#inside_side" }
            }
        },
        {   "__comment": "Bottom",
            "from": [ 2, 2, 2 ],
            "to": [ 14, 3, 14 ],
            "faces": {
                "down":  { "uv": [ 14, 14,  2,  2 ], "texture": "#bottom" },
                "up":    { "uv": [  2,  2, 14, 14 ], "texture": "#inside", "cullface": "up" },
                "north": { "uv": [  2,  0,  0, 14 ], "texture": "#side", "cullface": "north" },
                "south": { "uv": [  0,  0,  2, 14 ], "texture": "#side", "cullface": "south" },
                "west":  { "uv": [  0,  0, 16, 14 ], "texture": "#side", "cullface": "west" },
                "east":  { "uv": [  0,  0, 16, 14 ], "texture": "#side", "cullface": "east" }
            }
        },
        {   "__comment": "East",
            "from": [ 14, 2, 0 ],
            "to": [ 16, 16, 16 ],
            "faces": {
                "down":  { "uv": [  2, 16, 0,  0 ], "texture": "#bottom" },
                "up":    { "uv": [ 14, 0, 16, 16 ], "texture": "#top", "cullface": "up" },
                "north": { "uv": [ 16, 0, 14, 14 ], "texture": "#side", "cullface": "north" },
                "south": { "uv": [ 14, 0, 16, 14 ], "texture": "#side", "cullface": "south" },
                "west":  { "uv": [  0, 0, 16, 14 ], "texture": "#inside_side" },
                "east":  { "uv": [  0, 0, 16, 14 ], "texture": "#side", "cullface": "east" }
            }
        },
        {   "__comment": "North",
            "from": [ 2, 2, 0 ],
            "to": [ 14, 16, 2 ],
            "faces": {
                "down":  { "uv": [ 14, 2,  2,  0 ], "texture": "#bottom" },
                "up":    { "uv": [  2, 0, 14,  2 ], "texture": "#top", "cullface": "up" },
                "north": { "uv": [  2, 0, 14, 14 ], "texture": "#side", "cullface": "north" },
                "south": { "uv": [  2, 0, 14, 14 ], "texture": "#inside_side" },
                "west":  { "uv": [  0, 0,  2, 14 ], "texture": "#side", "cullface": "west" },
                "east":  { "uv": [  0, 0,  2, 14 ], "texture": "#side", "cullface": "east" }
            }
        },
        {   "__comment": "South",
            "from": [ 2, 2, 14 ],
            "to": [ 14, 16, 16 ],
            "faces": {
                "down":  { "uv": [ 14, 16,  2, 14 ], "texture": "#bottom" },
                "up":    { "uv": [  2, 14, 14, 16 ], "texture": "#top", "cullface": "up" },
                "north": { "uv": [  2,  0, 14, 14 ], "texture": "#inside_side" },
                "south": { "uv": [  2,  0, 14, 14 ], "texture": "#side", "cullface": "south" },
                "west":  { "uv": [ 14,  0, 16, 14 ], "texture": "#side", "cullface": "west" },
                "east":  { "uv": [ 14,  0, 16, 14 ], "texture": "#side", "cullface": "east" }
            }
        },
        {   "__comment": "Top left",
            "from": [ 0, 0, 0 ],
            "to": [ 2, 2, 2 ],
            "faces": {
                "down":  { "uv": [ 0,   2,  2,  0 ], "texture": "#bottom", "cullface": "down" },
                "up":    { "uv": [ 0,   0,  2,  2 ], "texture": "#top", "cullface": "up" },
                "north": { "uv": [ 14, 14, 16, 16 ], "texture": "#side", "cullface": "north" },
                "south": { "uv": [ 2,  14,  4,  16 ], "texture": "#side" },
                "west":  { "uv": [ 0,  14,  2,  16 ], "texture": "#side" },
                "east":  { "uv": [ 4,  16,  2,  14 ], "texture": "#side" }
            }
        },
        {   "__comment": "Top right",
            "from": [ 14, 0, 0 ],
            "to": [ 16, 2, 2 ],
            "faces": {
                "down":  { "uv": [ 14,  2,  16, 0 ], "texture": "#bottom", "cullface": "down" },
                "up":    { "uv": [ 14,  0,  16, 2 ], "texture": "#top", "cullface": "up" },
                "north": { "uv": [  0, 14,  2, 16 ], "texture": "#side", "cullface": "north" },
                "south": { "uv": [ 12, 14, 14, 16 ], "texture": "#side" },
                "west":  { "uv": [  2, 14,  4, 16 ], "texture": "#side" },
                "east":  { "uv": [  2, 14,  0, 16 ], "texture": "#side" }
            }
        },
        {   "__comment": "Bottom left",
            "from": [ 0, 0, 14 ],
            "to": [ 2, 2, 16 ],
            "faces": {
                "down":  { "uv": [  0, 16,  2, 14 ], "texture": "#bottom", "cullface": "down" },
                "up":    { "uv": [  0, 14,  2, 16 ], "texture": "#top", "cullface": "up" },
                "north": { "uv": [  4, 14,  2, 16 ], "texture": "#side" },
                "south": { "uv": [  0, 14,  2, 16 ], "texture": "#side", "cullface": "south" },
                "west":  { "uv": [ 14, 14, 16, 16 ], "texture": "#side" },
                "east":  { "uv": [ 14, 16, 12, 14 ], "texture": "#side" }
            }
        },
        {   "__comment": "Bottom right",
            "from": [ 14, 0, 14 ],
            "to": [ 16, 2, 16 ],
            "faces": {
                "down":  { "uv": [ 14, 16, 16, 14 ], "texture": "#bottom", "cullface": "down" },
                "up":    { "uv": [ 14, 14, 16, 16 ], "texture": "#top", "cullface": "up" },
                "north": { "uv": [ 14, 16, 12, 14 ], "texture": "#side" },
                "south": { "uv": [ 14, 14, 16, 16 ], "texture": "#side", "cullface": "south" },
                "west":  { "uv": [ 12, 14, 14, 16 ], "texture": "#side" },
                "east":  { "uv": [ 16, 14, 14, 16 ], "texture": "#side" }
            }
        },
        {   "from": [ 2, 15, 2 ],
            "to": [ 14, 15, 14 ],
            "faces": {
                "up": { "uv": [ 2, 2, 14, 14 ], "texture": "#water", "tintindex": 0 }
            }
        }
    ]
}
