{
    "__comment": "JimStoneCraft - 2018",
    "ambientocclusion": false,
    "display": {
        "gui": {
            "rotation": [ 30, 135, 0 ],
            "translation": [ -2, -2, 0 ],
            "scale":[ 0.45, 0.45, 0.45 ]
        },
        "head": {
            "rotation": [ 0, 90, 0 ],
            "translation": [ 0, 9.5, 4.5 ],
            "scale":[ 0.425, 0.425, 0.425 ]
        },
        "ground": {
            "rotation": [ 0, 0, 0 ],
            "translation": [ 2, 2, 0 ],
            "scale":[ 0.25, 0.25, 0.25 ]
        },
        "fixed": {
            "rotation": [ 0, 90, 0 ],
            "translation": [ 0, -4, -2.5 ],
            "scale":[ 0.5, 0.5, 0.5 ]
        },
        "thirdperson_righthand": {
            "rotation": [ 35, 20, 0 ],
            "translation": [ 2, 1.8, 2.5 ],
            "scale": [ 0.25, 0.25, 0.25 ]
        },
        "thirdperson_lefthand": {
            "rotation": [ 35, 20, 0 ],
            "translation": [ -2, 1.8, 2.5 ],
            "scale": [ 0.25, 0.25, 0.25 ]
        },
        "firstperson_righthand": {
            "rotation": [ 15, 25, 0 ],
            "translation": [ -1, 3, 4 ],
            "scale": [ 0.25, 0.25, 0.25 ]
        },
        "firstperson_lefthand": {
            "rotation": [ 15, 25, 0 ],
            "translation": [ -1, 3, 4 ],
            "scale": [ 0.25, 0.25, 0.25 ]
        }
    },
    "textures": {
        "particle": "#bottom",
        "edge": "#edge"
    },
    "elements": [
        {   "from": [ 0, 0, 0 ],
            "to": [ 3, 16, 16 ],
            "faces": {
                "down":  { "uv": [  6, 0,  9, 16 ], "texture": "#edge", "cullface": "down" },
                "north": { "uv": [  0, 0,  3, 16 ], "texture": "#edge", "cullface": "north" },
                "south": { "uv": [ 13, 0, 16, 16 ], "texture": "#edge", "cullface": "south" },
                "west":  { "uv": [  0, 0, 16, 16 ], "texture": "#bottom", "cullface": "west" },
                "east":  { "uv": [ 16, 0,  0, 16 ], "texture": "#bottom" }
            },
            "__comment": "Bottom"
        },
        {   "from": [ 0, 16, 0 ],
            "to": [ 3, 32, 16 ],
            "faces": {
                "up":    { "uv": [  6, 0,  9, 16 ], "texture": "#edge", "cullface": "up" },
                "north": { "uv": [  3, 0,  6, 16 ], "texture": "#edge", "cullface": "north" },
                "south": { "uv": [ 10, 0, 13, 16 ], "texture": "#edge", "cullface": "south" },
                "west":  { "uv": [  0, 0, 16, 16 ], "texture": "#top", "cullface": "west" },
                "east":  { "uv": [ 16, 0,  0, 16 ], "texture": "#top" }
            },
            "__comment": "Top"
        }
    ]
}
