{
    "__comment": "JimStoneCraft - 2018",
    "textures": {
        "particle": "#texture",
        "edge": "#edge"
    },
    "elements": [
        {   "from": [ 0, 0, 13 ],
            "to": [ 16, 16, 16 ],
            "faces": {
                "down":  { "uv": [  0, 13, 16, 16 ], "texture": "#edge", "cullface": "down" },
                "up":    { "uv": [  0, 16, 16, 13 ], "texture": "#edge", "cullface": "up" },
                "north": { "uv": [  0,  0, 16, 16 ], "texture": "#texture" },
                "south": { "uv": [  0,  0, 16, 16 ], "texture": "#texture", "cullface": "south" },
                "west":  { "uv": [ 0, 16, 16, 13 ], "texture": "#edge", "rotation":  90, "cullface": "west" },
                "east":  { "uv": [ 0, 16, 16, 13 ], "texture": "#edge", "rotation": 270, "cullface": "east" }
            }
        }
    ]
}
