{
    "__comment": "JimStoneCraft - 2018",
    "ambientocclusion": false,
    "textures": {
        "particle" : "#texture",
        "top": "#top",
        "bottom": "#bottom"
    },
    "elements": [
        {   "__comment": "Left-hand post",
            "from": [ 0, 5, 7 ],
            "to": [ 2, 16, 9 ],
            "faces": {
                "down":  { "uv": [ 0, 7, 2,  9 ], "texture": "#bottom" },
                "up":    { "uv": [ 0, 7, 2,  9 ], "texture": "#top" },
                "north": { "uv": [ 0, 0, 2, 11 ], "texture": "#texture" },
                "south": { "uv": [ 0, 0, 2, 11 ], "texture": "#texture" },
                "west":  { "uv": [ 7, 0, 9, 11 ], "texture": "#texture", "cullface": "west" },
                "east":  { "uv": [ 7, 0, 9, 11 ], "texture": "#texture" }
            }
        },
        {   "__comment": "Right-hand post",
            "from": [ 14, 5, 7 ],
            "to": [ 16, 16, 9 ],
            "faces": {
                "down":  { "uv": [ 14, 7, 16,  9 ], "texture": "#bottom" },
                "up":    { "uv": [ 14, 7, 16,  9 ], "texture": "#top" },
                "north": { "uv": [ 14, 0, 16, 11 ], "texture": "#texture" },
                "south": { "uv": [ 14, 0, 16, 11 ], "texture": "#texture" },
                "west":  { "uv": [  7, 0,  9, 11 ], "texture": "#texture" },
                "east":  { "uv": [  7, 0,  9, 11 ], "texture": "#texture", "cullface": "east" }
            }
        },
        {   "__comment": "Inner vertical post of left-hand gate door",
            "from": [ 0, 6, 13 ],
            "to": [ 2, 15, 15 ],
            "faces": {
                "down":  { "uv": [  2, 15,  0, 13 ], "texture": "#bottom" },
                "up":    { "uv": [  0, 13,  2, 15 ], "texture": "#top" },
                "north": { "uv": [  0,  1,  2, 10 ], "texture": "#texture" },
                "south": { "uv": [  0,  1,  2, 10 ], "texture": "#texture" },
                "west":  { "uv": [ 10,  1,  8, 10 ], "texture": "#texture" },
                "east":  { "uv": [  8,  1, 10, 10 ], "texture": "#texture" }
            }
        },
        {   "__comment": "Inner vertical post of right-hand gate door",
            "from": [ 14, 6, 13 ],
            "to": [ 16, 15, 15 ],
            "faces": {
                "down":  { "uv": [ 16, 15, 14, 13 ], "texture": "#bottom" },
                "up":    { "uv": [ 14, 13, 16, 15 ], "texture": "#top" },
                "north": { "uv": [ 14,  1, 16, 10 ], "texture": "#texture" },
                "south": { "uv": [ 14,  1, 16, 10 ], "texture": "#texture" },
                "west":  { "uv": [  6,  1,  8, 10 ], "texture": "#texture" },
                "east":  { "uv": [  8,  1,  6, 10 ], "texture": "#texture" }
            }
        },
        {   "__comment": "Lower horizontal bar of left-hand gate door",
            "from": [ 0, 6, 9 ],
            "to": [ 2, 9, 13 ],
            "faces": {
                "down":  { "uv": [  2, 13,  0,  9 ], "texture": "#bottom" },
                "up":    { "uv": [  0,  9,  2, 13 ], "texture": "#top" },
                "west":  { "uv": [ 14,  7, 10, 10 ], "texture": "#texture" },
                "east":  { "uv": [ 10,  7, 14, 10 ], "texture": "#texture" }
            }
        },
        {   "__comment": "Upper horizontal bar of left-hand gate door",
            "from": [ 0, 12, 9 ],
            "to": [ 2, 15, 13 ],
            "faces": {
                "down":  { "uv": [  2, 13,  0,  9 ], "texture": "#bottom" },
                "up":    { "uv": [  0,  9,  2, 13 ], "texture": "#top" },
                "west":  { "uv": [ 14,  1, 10,  4 ], "texture": "#texture" },
                "east":  { "uv": [ 10,  1, 14,  4 ], "texture": "#texture" }
            }
        },
        {   "__comment": "Lower horizontal bar of left-hand gate door",
            "from": [ 14, 6, 9 ],
            "to": [ 16, 9, 13 ],
            "faces": {
                "down":  { "uv": [ 16, 13, 14,  9 ], "texture": "#bottom" },
                "up":    { "uv": [ 14, 9,  16, 13 ], "texture": "#top" },
                "west":  { "uv": [  2, 7,   6, 10 ], "texture": "#texture" },
                "east":  { "uv": [  6, 7,   2, 10 ], "texture": "#texture" }
            }
        },
        {   "__comment": "Upper horizontal bar of left-hand gate door",
            "from": [ 14, 12, 9 ],
            "to": [ 16, 15, 13 ],
            "faces": {
                "down":  { "uv": [ 16, 13, 14,  9 ], "texture": "#bottom" },
                "up":    { "uv": [ 14,  9, 16, 13 ], "texture": "#top" },
                "west":  { "uv": [  2,  1,  6,  4 ], "texture": "#texture" },
                "east":  { "uv": [  6,  1,  2,  4 ], "texture": "#texture" }
            }
        }
    ]
}
