{
    "__comment": "JimStoneCraft - 2018",
    "ambientocclusion": false,
    "textures": {
        "particle": "#top",
        "edge": "#edge"
    },
    "elements": [
        {   "from": [ 0, 0, 0 ],
            "to": [ 3, 16, 16 ],
            "faces": {
                "up":    { "uv": [  9, 16,  6,  0 ], "texture": "#edge", "cullface": "up" },
                "north": { "uv": [ 10,  0, 13, 16 ], "texture": "#edge", "cullface": "north" },
                "south": { "uv": [  3,  0,  6, 16 ], "texture": "#edge", "cullface": "south" },
                "west":  { "uv": [ 16,  0,  0, 16 ], "texture": "#top", "cullface": "west" },
                "east":  { "uv": [  0,  0, 16, 16 ], "texture": "#top" }
            }
        }
    ]
}
