{
    "__comment": "JimStoneCraft - 2018",
    "parent": "block/thin_block",
    "textures": {
        "particle": "block/daylight_detector_top",
        "top": "block/daylight_detector_top",
        "bottom": "block/daylight_detector_bottom",
        "side": "block/daylight_detector_side"
    },
    "elements": [
        {   "from": [ 0, 0, 0 ],
            "to": [ 16, 6, 16 ],
            "faces": {
                "down":  { "uv": [ 0,  0, 16, 16 ], "texture": "#bottom", "cullface": "down" },
                "up":    { "uv": [ 0,  0, 16, 16 ], "texture": "#top" },
                "north": { "uv": [ 0, 10, 16, 16 ], "texture": "#side", "cullface": "north" },
                "south": { "uv": [ 0, 10, 16, 16 ], "texture": "#side", "cullface": "south" },
                "west":  { "uv": [ 0, 10, 16, 16 ], "texture": "#side", "cullface": "west" },
                "east":  { "uv": [ 0, 10, 16, 16 ], "texture": "#side", "cullface": "east" }
            },
            "__comment": "Daylight Detector"
        },
        {   "from": [ 1.5, 6, 2 ],
            "to": [ 5.5, 6.5, 5 ],
            "faces": {
                "up":    { "uv": [ 1.5, 2,   5.5, 5 ], "texture": "#top" },
                "north": { "uv": [ 1.5, 2,   5.5, 2.5 ], "texture": "#top", "rotation": 180 },
                "south": { "uv": [ 1.5, 4.5, 5.5, 5 ], "texture": "#top" },
                "west":  { "uv": [ 1.5, 2,   2,   5 ], "texture": "#top", "rotation": 270 },
                "east":  { "uv": [ 5,   2,   5.5, 5 ], "texture": "#top", "rotation": 90 }
            },
            "__comment": "Sensor 1-1"
        },
        {   "from": [ 2, 6, 1.5 ],
            "to": [ 5, 6.5, 5.5 ],
            "faces": {
                "up":    { "uv": [ 2,   1.5, 5,   5.5 ], "texture": "#top" },
                "north": { "uv": [ 2,   1.5, 5,   2 ], "texture": "#top", "rotation": 180 },
                "south": { "uv": [ 2,   5,   5,   5.5 ], "texture": "#top" },
                "west":  { "uv": [ 2,   1.5, 2.5, 5.5 ], "texture": "#top", "rotation": 270 },
                "east":  { "uv": [ 4.5, 1.5, 5,   5.5 ], "texture": "#top", "rotation": 90 }
            },
            "__comment": "Sensor 1-2"
        },
        {   "from": [ 6, 6, 2 ],
            "to": [ 10, 6.5, 5 ],
            "faces": {
                "up":    { "uv": [ 1.5, 2,   5.5, 5 ], "texture": "#top" },
                "north": { "uv": [ 1.5, 2,   5.5, 2.5 ], "texture": "#top", "rotation": 180 },
                "south": { "uv": [ 1.5, 4.5, 5.5, 5 ], "texture": "#top" },
                "west":  { "uv": [ 1.5, 2,   2,   5 ], "texture": "#top", "rotation": 270 },
                "east":  { "uv": [ 5,   2,   5.5, 5 ], "texture": "#top", "rotation": 90 }
            },
            "__comment": "Sensor 2-1"
        },
        {   "from": [ 6.5, 6, 1.5 ],
            "to": [ 9.5, 6.5, 5.5 ],
            "faces": {
                "up":    { "uv": [ 2,   1.5, 5,   5.5 ], "texture": "#top" },
                "north": { "uv": [ 2,   1.5, 5,   2 ], "texture": "#top", "rotation": 180 },
                "south": { "uv": [ 2,   5,   5,   5.5 ], "texture": "#top" },
                "west":  { "uv": [ 2,   1.5, 2.5, 5.5 ], "texture": "#top", "rotation": 270 },
                "east":  { "uv": [ 4.5, 1.5, 5,   5.5 ], "texture": "#top", "rotation": 90 }
            },
            "__comment": "Sensor 2-2"
        },
        {   "from": [ 10.5, 6, 2 ],
            "to": [ 14.5, 6.5, 5 ],
            "faces": {
                "up":    { "uv": [ 1.5, 2,   5.5, 5 ], "texture": "#top" },
                "north": { "uv": [ 1.5, 2,   5.5, 2.5 ], "texture": "#top", "rotation": 180 },
                "south": { "uv": [ 1.5, 4.5, 5.5, 5 ], "texture": "#top" },
                "west":  { "uv": [ 1.5, 2,   2,   5 ], "texture": "#top", "rotation": 270 },
                "east":  { "uv": [ 5,   2,   5.5, 5 ], "texture": "#top", "rotation": 90 }
            },
            "__comment": "Sensor 3-1"
        },
        {   "from": [ 11, 6, 1.5 ],
            "to": [ 14, 6.5, 5.5 ],
            "faces": {
                "up":    { "uv": [ 2,   1.5, 5,   5.5 ], "texture": "#top" },
                "north": { "uv": [ 2,   1.5, 5,   2 ], "texture": "#top", "rotation": 180 },
                "south": { "uv": [ 2,   5,   5,   5.5 ], "texture": "#top" },
                "west":  { "uv": [ 2,   1.5, 2.5, 5.5 ], "texture": "#top", "rotation": 270 },
                "east":  { "uv": [ 4.5, 1.5, 5,   5.5 ], "texture": "#top", "rotation": 90 }
            },
            "__comment": "Sensor 3-2"
        },
        {   "from": [ 1.5, 6, 6.5 ],
            "to": [ 5.5, 6.5, 9.5 ],
            "faces": {
                "up":    { "uv": [ 1.5, 2,   5.5, 5 ], "texture": "#top" },
                "north": { "uv": [ 1.5, 2,   5.5, 2.5 ], "texture": "#top", "rotation": 180 },
                "south": { "uv": [ 1.5, 4.5, 5.5, 5 ], "texture": "#top" },
                "west":  { "uv": [ 1.5, 2,   2,   5 ], "texture": "#top", "rotation": 270 },
                "east":  { "uv": [ 5,   2,   5.5, 5 ], "texture": "#top", "rotation": 90 }
            },
            "__comment": "Sensor 4-1"
        },
        {   "from": [ 2, 6, 6 ],
            "to": [ 5, 6.5, 10 ],
            "faces": {
                "up":    { "uv": [ 2,   1.5, 5,   5.5 ], "texture": "#top" },
                "north": { "uv": [ 2,   1.5, 5,   2 ], "texture": "#top", "rotation": 180 },
                "south": { "uv": [ 2,   5,   5,   5.5 ], "texture": "#top" },
                "west":  { "uv": [ 2,   1.5, 2.5, 5.5 ], "texture": "#top", "rotation": 270 },
                "east":  { "uv": [ 4.5, 1.5, 5,   5.5 ], "texture": "#top", "rotation": 90 }
            },
            "__comment": "Sensor 4-2"
        },
        {   "from": [ 6, 6, 6.5 ],
            "to": [ 10, 6.5, 9.5 ],
            "faces": {
                "up":    { "uv": [ 1.5, 2,   5.5, 5 ], "texture": "#top" },
                "north": { "uv": [ 1.5, 2,   5.5, 2.5 ], "texture": "#top", "rotation": 180 },
                "south": { "uv": [ 1.5, 4.5, 5.5, 5 ], "texture": "#top" },
                "west":  { "uv": [ 1.5, 2,   2,   5 ], "texture": "#top", "rotation": 270 },
                "east":  { "uv": [ 5,   2,   5.5, 5 ], "texture": "#top", "rotation": 90 }
            },
            "__comment": "Sensor 5-1"
        },
        {   "from": [ 6.5, 6, 6 ],
            "to": [ 9.5, 6.5, 10 ],
            "faces": {
                "up":    { "uv": [ 2,   1.5, 5,   5.5 ], "texture": "#top" },
                "north": { "uv": [ 2,   1.5, 5,   2 ], "texture": "#top", "rotation": 180 },
                "south": { "uv": [ 2,   5,   5,   5.5 ], "texture": "#top" },
                "west":  { "uv": [ 2,   1.5, 2.5, 5.5 ], "texture": "#top", "rotation": 270 },
                "east":  { "uv": [ 4.5, 1.5, 5,   5.5 ], "texture": "#top", "rotation": 90 }
            },
            "__comment": "Sensor 5-2"
        },
        {   "from": [ 10.5, 6, 6.5 ],
            "to": [ 14.5, 6.5, 9.5 ],
            "faces": {
                "up":    { "uv": [ 1.5, 2,   5.5, 5 ], "texture": "#top" },
                "north": { "uv": [ 1.5, 2,   5.5, 2.5 ], "texture": "#top", "rotation": 180 },
                "south": { "uv": [ 1.5, 4.5, 5.5, 5 ], "texture": "#top" },
                "west":  { "uv": [ 1.5, 2,   2,   5 ], "texture": "#top", "rotation": 270 },
                "east":  { "uv": [ 5,   2,   5.5, 5 ], "texture": "#top", "rotation": 90 }
            },
            "__comment": "Sensor 6-1"
        },
        {   "from": [ 11, 6, 6 ],
            "to": [ 14, 6.5, 10 ],
            "faces": {
                "up":    { "uv": [ 2,   1.5, 5,   5.5 ], "texture": "#top" },
                "north": { "uv": [ 2,   1.5, 5,   2 ], "texture": "#top", "rotation": 180 },
                "south": { "uv": [ 2,   5,   5,   5.5 ], "texture": "#top" },
                "west":  { "uv": [ 2,   1.5, 2.5, 5.5 ], "texture": "#top", "rotation": 270 },
                "east":  { "uv": [ 4.5, 1.5, 5,   5.5 ], "texture": "#top", "rotation": 90 }
            },
            "__comment": "Sensor 6-2"
        },
        {   "from": [ 1.5, 6, 11 ],
            "to": [ 5.5, 6.5, 14 ],
            "faces": {
                "up":    { "uv": [ 1.5, 2,   5.5, 5 ], "texture": "#top" },
                "north": { "uv": [ 1.5, 2,   5.5, 2.5 ], "texture": "#top", "rotation": 180 },
                "south": { "uv": [ 1.5, 4.5, 5.5, 5 ], "texture": "#top" },
                "west":  { "uv": [ 1.5, 2,   2,   5 ], "texture": "#top", "rotation": 270 },
                "east":  { "uv": [ 5,   2,   5.5, 5 ], "texture": "#top", "rotation": 90 }
            },
            "__comment": "Sensor 7-1"
        },
        {   "from": [ 2, 6, 10.5 ],
            "to": [ 5, 6.5, 14.5 ],
            "faces": {
                "up":    { "uv": [ 2,   1.5, 5,   5.5 ], "texture": "#top" },
                "north": { "uv": [ 2,   1.5, 5,   2 ], "texture": "#top", "rotation": 180 },
                "south": { "uv": [ 2,   5,   5,   5.5 ], "texture": "#top" },
                "west":  { "uv": [ 2,   1.5, 2.5, 5.5 ], "texture": "#top", "rotation": 270 },
                "east":  { "uv": [ 4.5, 1.5, 5,   5.5 ], "texture": "#top", "rotation": 90 }
            },
            "__comment": "Sensor 7-2"
        },
        {   "from": [ 6, 6, 11 ],
            "to": [ 10, 6.5, 14 ],
            "faces": {
                "up":    { "uv": [ 1.5, 2,   5.5, 5 ], "texture": "#top" },
                "north": { "uv": [ 1.5, 2,   5.5, 2.5 ], "texture": "#top", "rotation": 180 },
                "south": { "uv": [ 1.5, 4.5, 5.5, 5 ], "texture": "#top" },
                "west":  { "uv": [ 1.5, 2,   2,   5 ], "texture": "#top", "rotation": 270 },
                "east":  { "uv": [ 5,   2,   5.5, 5 ], "texture": "#top", "rotation": 90 }
            },
            "__comment": "Sensor 8-1"
        },
        {   "from": [ 6.5, 6, 10.5 ],
            "to": [ 9.5, 6.5, 14.5 ],
            "faces": {
                "up":    { "uv": [ 2,   1.5, 5,   5.5 ], "texture": "#top" },
                "north": { "uv": [ 2,   1.5, 5,   2 ], "texture": "#top", "rotation": 180 },
                "south": { "uv": [ 2,   5,   5,   5.5 ], "texture": "#top" },
                "west":  { "uv": [ 2,   1.5, 2.5, 5.5 ], "texture": "#top", "rotation": 270 },
                "east":  { "uv": [ 4.5, 1.5, 5,   5.5 ], "texture": "#top", "rotation": 90 }
            },
            "__comment": "Sensor 8-2"
        },
        {   "from": [ 10.5, 6, 11 ],
            "to": [ 14.5, 6.5, 14 ],
            "faces": {
                "up":    { "uv": [ 1.5, 2,   5.5, 5 ], "texture": "#top" },
                "north": { "uv": [ 1.5, 2,   5.5, 2.5 ], "texture": "#top", "rotation": 180 },
                "south": { "uv": [ 1.5, 4.5, 5.5, 5 ], "texture": "#top" },
                "west":  { "uv": [ 1.5, 2,   2,   5 ], "texture": "#top", "rotation": 270 },
                "east":  { "uv": [ 5,   2,   5.5, 5 ], "texture": "#top", "rotation": 90 }
            },
            "__comment": "Sensor 9-1"
        },
        {   "from": [ 11, 6, 10.5 ],
            "to": [ 14, 6.5, 14.5 ],
            "faces": {
                "up":    { "uv": [ 2,   1.5, 5,   5.5 ], "texture": "#top" },
                "north": { "uv": [ 2,   1.5, 5,   2 ], "texture": "#top", "rotation": 180 },
                "south": { "uv": [ 2,   5,   5,   5.5 ], "texture": "#top" },
                "west":  { "uv": [ 2,   1.5, 2.5, 5.5 ], "texture": "#top", "rotation": 270 },
                "east":  { "uv": [ 4.5, 1.5, 5,   5.5 ], "texture": "#top", "rotation": 90 }
            },
            "__comment": "Sensor 9-2"
        }
    ]
}
