{
    "__comment": "JimStoneCraft - 2018",
    "parent": "block/block",
    "display": {
        "gui": {
            "rotation": [ 30, 45, 0 ],
            "translation": [ 0, 0, 0 ],
            "scale": [ 1, 1, 1 ]
        },
        "ground": {
            "rotation": [ 0, 0, 0 ],
            "translation": [ 0, 2, 0 ],
            "scale":[ 0.5, 0.5, 0.5 ]
        },
        "head": {
            "rotation": [ -60, 0, 0 ],
            "translation": [ 0, 5, -9],
            "scale":[ 1, 1, 1]
        },
        "fixed": {
            "rotation": [ 0, 0, 0 ],
            "translation": [ 0, -1, 1 ],
            "scale":[ 0.85, 0.85, 0.85 ]
        },
        "thirdperson_righthand": {
            "rotation": [ 65, 45, 0 ],
            "translation": [ 0, 1.8, 2.5 ],
            "scale": [ 0.375, 0.375, 0.375 ]
        },
        "thirdperson_lefthand": {
            "rotation": [ 65, 45, 0 ],
            "translation": [ 0, 1.8, 2.5 ],
            "scale": [ 0.375, 0.375, 0.375 ]
        },
        "firstperson_righthand": {
            "rotation": [ -25, 15, 0 ],
            "translation": [ 1, 3, 0 ],
            "scale": [ 0.40, 0.40, 0.40 ]
        },
        "firstperson_lefthand": {
            "rotation": [ -25, 15, 0 ],
            "translation": [ 1, 3, 0 ],
            "scale": [ 0.40, 0.40, 0.40 ]
        }
    },
    "ambientocclusion": false,
    "textures": {
        "end_rod": "block/end_rod",
        "particle": "block/end_rod"
    },
    "elements": [
        {
            "from": [ 6, 0, 6 ],
            "to": [ 10, 1, 10 ],
            "faces": {
                "down":  { "uv": [  8,  7, 12, 11 ], "texture": "#end_rod", "cullface": "down" },
                "up":    { "uv": [  8,  2, 12,  6 ], "texture": "#end_rod" },
                "north": { "uv": [ 12,  6,  8,  7 ], "texture": "#end_rod" },
                "south": { "uv": [  8, 11, 12, 12 ], "texture": "#end_rod" },
                "west":  { "uv": [  8,  6, 12,  7 ], "texture": "#end_rod" },
                "east":  { "uv": [  8, 11, 12, 12 ], "texture": "#end_rod" }
            },
            "__comment": "Base"
        },
        {
            "from": [ 7, 1, 7 ],
            "to": [ 9, 16, 9 ],
            "faces": {
                "up":    { "uv": [ 8, 0, 10,  2 ], "texture": "#end_rod", "cullface": "up" },
                "north": { "uv": [ 0, 0,  2, 15 ], "texture": "#end_rod" },
                "south": { "uv": [ 4, 0,  6, 15 ], "texture": "#end_rod" },
                "west":  { "uv": [ 2, 0,  4, 15 ], "texture": "#end_rod" },
                "east":  { "uv": [ 6, 0,  8, 15 ], "texture": "#end_rod" }
            },
            "__comment": "Stick"
        }
    ]
}
