{
    "__comment": "JimStoneCraft - 2018",
    "variants": {
        "": [
            { "model": "block/cut_red_sandstone", "weight": 30 },
            { "model": "block/cut_red_sandstone1", "weight": 15 },
            { "model": "block/cut_red_sandstone2", "weight": 15 },
            { "model": "block/cut_red_sandstone3", "weight": 15 },
            { "model": "block/cut_red_sandstone4", "weight": 15 },
            { "model": "block/cut_red_sandstone5", "weight": 10 }
        ]
    }
}
