{
    "__comment": "JimStoneCraft - 2018",
    "variants": {
        "": [
            { "model": "block/end_stone_bricks", "weight": 40 },
            { "model": "block/end_stone_bricks1", "weight": 5 },
            { "model": "block/end_stone_bricks2", "weight": 5 },
            { "model": "block/end_stone_bricks3", "weight": 10 },
            { "model": "block/end_stone_bricks4", "weight": 10 },
            { "model": "block/end_stone_bricks5", "weight": 5 },
            { "model": "block/end_stone_bricks6", "weight": 10 },
            { "model": "block/end_stone_bricks7", "weight": 15 }
        ]
    }
}
