{
    "__comment": "JimStoneCraft - 2018",
    "variants": {
        "": [
            { "model": "block/netherrack", "weight": 30 },
            { "model": "block/netherrack1", "weight": 10 },
            { "model": "block/netherrack2", "weight": 20 },
            { "model": "block/netherrack3", "weight": 10 },
            { "model": "block/netherrack4", "weight": 20 },
            { "model": "block/netherrack5", "weight": 5 },
            { "model": "block/netherrack6", "weight": 5 }
        ]
    }
}
