{
    "__comment": "JimStoneCraft - 2018",
    "variants": {
        "": [
            { "model": "block/potted_dandelion", "weight": 25 },
            { "model": "block/potted_dandelion1", "weight": 25 },
            { "model": "block/potted_dandelion2", "weight": 25 },
            { "model": "block/potted_dandelion3", "weight": 25 },
            { "model": "block/potted_dandelion4", "weight": 25 },
            { "model": "block/potted_dandelion5", "weight": 25 }
        ]
    }
}

