{
    "__comment": "JimStoneCraft - 2018",
    "variants": {
        "facing=east,half=bottom,shape=straight": [
        { "model": "block/red_nether_brick_stairs" },
        { "model": "block/red_nether_brick_stairs1" },
        { "model": "block/red_nether_brick_stairs2" }
        ],
        "facing=west,half=bottom,shape=straight": [
        { "model": "block/red_nether_brick_stairs", "y": 180, "uvlock": true },
        { "model": "block/red_nether_brick_stairs1", "y": 180, "uvlock": true },
        { "model": "block/red_nether_brick_stairs2", "y": 180, "uvlock": true }
        ],
        "facing=south,half=bottom,shape=straight": [
        { "model": "block/red_nether_brick_stairs", "y": 90, "uvlock": true },
        { "model": "block/red_nether_brick_stairs1", "y": 90, "uvlock": true },
        { "model": "block/red_nether_brick_stairs2", "y": 90, "uvlock": true }
        ],
        "facing=north,half=bottom,shape=straight": [
        { "model": "block/red_nether_brick_stairs", "y": 270, "uvlock": true },
        { "model": "block/red_nether_brick_stairs1", "y": 270, "uvlock": true },
        { "model": "block/red_nether_brick_stairs2", "y": 270, "uvlock": true }
        ],
        "facing=east,half=bottom,shape=outer_right": [
        { "model": "block/red_nether_brick_stairs_outer" },
        { "model": "block/red_nether_brick_stairs_outer1" },
        { "model": "block/red_nether_brick_stairs_outer2" }
        ],
        "facing=west,half=bottom,shape=outer_right": [
        { "model": "block/red_nether_brick_stairs_outer", "y": 180, "uvlock": true },
        { "model": "block/red_nether_brick_stairs_outer1", "y": 180, "uvlock": true },
        { "model": "block/red_nether_brick_stairs_outer2", "y": 180, "uvlock": true }
        ],
        "facing=south,half=bottom,shape=outer_right": [
        { "model": "block/red_nether_brick_stairs_outer", "y": 90, "uvlock": true },
        { "model": "block/red_nether_brick_stairs_outer1", "y": 90, "uvlock": true },
        { "model": "block/red_nether_brick_stairs_outer2", "y": 90, "uvlock": true }
        ],
        "facing=north,half=bottom,shape=outer_right": [
        { "model": "block/red_nether_brick_stairs_outer", "y": 270, "uvlock": true },
        { "model": "block/red_nether_brick_stairs_outer1", "y": 270, "uvlock": true },
        { "model": "block/red_nether_brick_stairs_outer2", "y": 270, "uvlock": true }
        ],
        "facing=east,half=bottom,shape=outer_left": [
        { "model": "block/red_nether_brick_stairs_outer", "y": 270, "uvlock": true },
        { "model": "block/red_nether_brick_stairs_outer1", "y": 270, "uvlock": true },
        { "model": "block/red_nether_brick_stairs_outer2", "y": 270, "uvlock": true }
        ],
        "facing=west,half=bottom,shape=outer_left": [
        { "model": "block/red_nether_brick_stairs_outer", "y": 90, "uvlock": true },
        { "model": "block/red_nether_brick_stairs_outer1", "y": 90, "uvlock": true },
        { "model": "block/red_nether_brick_stairs_outer2", "y": 90, "uvlock": true }
        ],
        "facing=south,half=bottom,shape=outer_left": [
        { "model": "block/red_nether_brick_stairs_outer" },
        { "model": "block/red_nether_brick_stairs_outer1" },
        { "model": "block/red_nether_brick_stairs_outer2" }
        ],
        "facing=north,half=bottom,shape=outer_left": [
        { "model": "block/red_nether_brick_stairs_outer", "y": 180, "uvlock": true },
        { "model": "block/red_nether_brick_stairs_outer1", "y": 180, "uvlock": true },
        { "model": "block/red_nether_brick_stairs_outer2", "y": 180, "uvlock": true }
        ],
        "facing=east,half=bottom,shape=inner_right": [
        { "model": "block/red_nether_brick_stairs_inner" },
        { "model": "block/red_nether_brick_stairs_inner1" },
        { "model": "block/red_nether_brick_stairs_inner2" }
        ],
        "facing=west,half=bottom,shape=inner_right": [
        { "model": "block/red_nether_brick_stairs_inner", "y": 180, "uvlock": true },
        { "model": "block/red_nether_brick_stairs_inner1", "y": 180, "uvlock": true },
        { "model": "block/red_nether_brick_stairs_inner2", "y": 180, "uvlock": true }
        ],
        "facing=south,half=bottom,shape=inner_right": [
        { "model": "block/red_nether_brick_stairs_inner", "y": 90, "uvlock": true },
        { "model": "block/red_nether_brick_stairs_inner1", "y": 90, "uvlock": true },
        { "model": "block/red_nether_brick_stairs_inner2", "y": 90, "uvlock": true }
        ],
        "facing=north,half=bottom,shape=inner_right": [
        { "model": "block/red_nether_brick_stairs_inner", "y": 270, "uvlock": true },
        { "model": "block/red_nether_brick_stairs_inner1", "y": 270, "uvlock": true },
        { "model": "block/red_nether_brick_stairs_inner2", "y": 270, "uvlock": true }
        ],
        "facing=east,half=bottom,shape=inner_left": [
        { "model": "block/red_nether_brick_stairs_inner", "y": 270, "uvlock": true },
        { "model": "block/red_nether_brick_stairs_inner1", "y": 270, "uvlock": true },
        { "model": "block/red_nether_brick_stairs_inner2", "y": 270, "uvlock": true }
        ],
        "facing=west,half=bottom,shape=inner_left": [
        { "model": "block/red_nether_brick_stairs_inner", "y": 90, "uvlock": true },
        { "model": "block/red_nether_brick_stairs_inner1", "y": 90, "uvlock": true },
        { "model": "block/red_nether_brick_stairs_inner2", "y": 90, "uvlock": true }
        ],
        "facing=south,half=bottom,shape=inner_left": [
        { "model": "block/red_nether_brick_stairs_inner" },
        { "model": "block/red_nether_brick_stairs_inner1" },
        { "model": "block/red_nether_brick_stairs_inner2" }
        ],
        "facing=north,half=bottom,shape=inner_left": [
        { "model": "block/red_nether_brick_stairs_inner", "y": 180, "uvlock": true },
        { "model": "block/red_nether_brick_stairs_inner1", "y": 180, "uvlock": true },
        { "model": "block/red_nether_brick_stairs_inner2", "y": 180, "uvlock": true }
        ],
        "facing=east,half=top,shape=straight": [
        { "model": "block/red_nether_brick_stairs_top", "x": 180, "uvlock": true },
        { "model": "block/red_nether_brick_stairs_top1", "x": 180, "uvlock": true },
        { "model": "block/red_nether_brick_stairs_top2", "x": 180, "uvlock": true }
        ],
        "facing=west,half=top,shape=straight": [
        { "model": "block/red_nether_brick_stairs_top", "x": 180, "y": 180, "uvlock": true },
        { "model": "block/red_nether_brick_stairs_top1", "x": 180, "y": 180, "uvlock": true },
        { "model": "block/red_nether_brick_stairs_top2", "x": 180, "y": 180, "uvlock": true }
        ],
        "facing=south,half=top,shape=straight": [
        { "model": "block/red_nether_brick_stairs_top", "x": 180, "y": 90, "uvlock": true },
        { "model": "block/red_nether_brick_stairs_top1", "x": 180, "y": 90, "uvlock": true },
        { "model": "block/red_nether_brick_stairs_top2", "x": 180, "y": 90, "uvlock": true }
        ],
        "facing=north,half=top,shape=straight": [
        { "model": "block/red_nether_brick_stairs_top", "x": 180, "y": 270, "uvlock": true },
        { "model": "block/red_nether_brick_stairs_top1", "x": 180, "y": 270, "uvlock": true },
        { "model": "block/red_nether_brick_stairs_top2", "x": 180, "y": 270, "uvlock": true }
        ],
        "facing=east,half=top,shape=outer_right": [
        { "model": "block/red_nether_brick_stairs_outer_top", "x": 180, "y": 90, "uvlock": true },
        { "model": "block/red_nether_brick_stairs_outer_top1", "x": 180, "y": 90, "uvlock": true },
        { "model": "block/red_nether_brick_stairs_outer_top2", "x": 180, "y": 90, "uvlock": true }
        ],
        "facing=west,half=top,shape=outer_right": [
        { "model": "block/red_nether_brick_stairs_outer_top", "x": 180, "y": 270, "uvlock": true },
        { "model": "block/red_nether_brick_stairs_outer_top1", "x": 180, "y": 270, "uvlock": true },
        { "model": "block/red_nether_brick_stairs_outer_top2", "x": 180, "y": 270, "uvlock": true }
        ],
        "facing=south,half=top,shape=outer_right": [
        { "model": "block/red_nether_brick_stairs_outer_top", "x": 180, "y": 180, "uvlock": true },
        { "model": "block/red_nether_brick_stairs_outer_top1", "x": 180, "y": 180, "uvlock": true },
        { "model": "block/red_nether_brick_stairs_outer_top2", "x": 180, "y": 180, "uvlock": true }
        ],
        "facing=north,half=top,shape=outer_right": [
        { "model": "block/red_nether_brick_stairs_outer_top", "x": 180, "uvlock": true },
        { "model": "block/red_nether_brick_stairs_outer_top1", "x": 180, "uvlock": true },
        { "model": "block/red_nether_brick_stairs_outer_top2", "x": 180, "uvlock": true }
        ],
        "facing=east,half=top,shape=outer_left": [
        { "model": "block/red_nether_brick_stairs_outer_top", "x": 180, "uvlock": true },
        { "model": "block/red_nether_brick_stairs_outer_top1", "x": 180, "uvlock": true },
        { "model": "block/red_nether_brick_stairs_outer_top2", "x": 180, "uvlock": true }
        ],
        "facing=west,half=top,shape=outer_left": [
        { "model": "block/red_nether_brick_stairs_outer_top", "x": 180, "y": 180, "uvlock": true },
        { "model": "block/red_nether_brick_stairs_outer_top1", "x": 180, "y": 180, "uvlock": true },
        { "model": "block/red_nether_brick_stairs_outer_top2", "x": 180, "y": 180, "uvlock": true }
        ],
        "facing=south,half=top,shape=outer_left": [
        { "model": "block/red_nether_brick_stairs_outer_top", "x": 180, "y": 90, "uvlock": true },
        { "model": "block/red_nether_brick_stairs_outer_top1", "x": 180, "y": 90, "uvlock": true },
        { "model": "block/red_nether_brick_stairs_outer_top2", "x": 180, "y": 90, "uvlock": true }
        ],
        "facing=north,half=top,shape=outer_left": [
        { "model": "block/red_nether_brick_stairs_outer_top", "x": 180, "y": 270, "uvlock": true },
        { "model": "block/red_nether_brick_stairs_outer_top1", "x": 180, "y": 270, "uvlock": true },
        { "model": "block/red_nether_brick_stairs_outer_top2", "x": 180, "y": 270, "uvlock": true }
        ],
        "facing=east,half=top,shape=inner_right": [
        { "model": "block/red_nether_brick_stairs_inner_top", "x": 180, "y": 90, "uvlock": true },
        { "model": "block/red_nether_brick_stairs_inner_top1", "x": 180, "y": 90, "uvlock": true },
        { "model": "block/red_nether_brick_stairs_inner_top2", "x": 180, "y": 90, "uvlock": true }
        ],
        "facing=west,half=top,shape=inner_right": [
        { "model": "block/red_nether_brick_stairs_inner_top", "x": 180, "y": 270, "uvlock": true },
        { "model": "block/red_nether_brick_stairs_inner_top1", "x": 180, "y": 270, "uvlock": true },
        { "model": "block/red_nether_brick_stairs_inner_top2", "x": 180, "y": 270, "uvlock": true }
        ],
        "facing=south,half=top,shape=inner_right": [
        { "model": "block/red_nether_brick_stairs_inner_top", "x": 180, "y": 180, "uvlock": true },
        { "model": "block/red_nether_brick_stairs_inner_top1", "x": 180, "y": 180, "uvlock": true },
        { "model": "block/red_nether_brick_stairs_inner_top2", "x": 180, "y": 180, "uvlock": true }
        ],
        "facing=north,half=top,shape=inner_right": [
        { "model": "block/red_nether_brick_stairs_inner_top", "x": 180, "uvlock": true },
        { "model": "block/red_nether_brick_stairs_inner_top1", "x": 180, "uvlock": true },
        { "model": "block/red_nether_brick_stairs_inner_top2", "x": 180, "uvlock": true }
        ],
        "facing=east,half=top,shape=inner_left": [
        { "model": "block/red_nether_brick_stairs_inner_top", "x": 180, "uvlock": true },
        { "model": "block/red_nether_brick_stairs_inner_top1", "x": 180, "uvlock": true },
        { "model": "block/red_nether_brick_stairs_inner_top2", "x": 180, "uvlock": true }
        ],
        "facing=west,half=top,shape=inner_left": [
        { "model": "block/red_nether_brick_stairs_inner_top", "x": 180, "y": 180, "uvlock": true },
        { "model": "block/red_nether_brick_stairs_inner_top1", "x": 180, "y": 180, "uvlock": true },
        { "model": "block/red_nether_brick_stairs_inner_top2", "x": 180, "y": 180, "uvlock": true }
        ],
        "facing=south,half=top,shape=inner_left": [
        { "model": "block/red_nether_brick_stairs_inner_top", "x": 180, "y": 90, "uvlock": true },
        { "model": "block/red_nether_brick_stairs_inner_top1", "x": 180, "y": 90, "uvlock": true },
        { "model": "block/red_nether_brick_stairs_inner_top2", "x": 180, "y": 90, "uvlock": true }
        ],
        "facing=north,half=top,shape=inner_left": [
        { "model": "block/red_nether_brick_stairs_inner_top", "x": 180, "y": 270, "uvlock": true },
        { "model": "block/red_nether_brick_stairs_inner_top1", "x": 180, "y": 270, "uvlock": true },
        { "model": "block/red_nether_brick_stairs_inner_top2", "x": 180, "y": 270, "uvlock": true }
        ]
    }
}
