{
    "__comment": "JimStoneCraft - 2018",
    "variants": {
        "type=bottom": [
            { "model": "block/sandstone_slab", "weight": 40 },
            { "model": "block/sandstone_slab1", "weight": 15 },
            { "model": "block/sandstone_slab2", "weight": 15 },
            { "model": "block/sandstone_slab3", "weight": 10 },
            { "model": "block/sandstone_slab4", "weight": 10 },
            { "model": "block/sandstone_slab5", "weight": 10 }
        ],
        "type=top": [
            { "model": "block/sandstone_slab_top", "weight": 40 },
            { "model": "block/sandstone_slab_top1", "weight": 15 },
            { "model": "block/sandstone_slab_top2", "weight": 15 },
            { "model": "block/sandstone_slab_top3", "weight": 10 },
            { "model": "block/sandstone_slab_top4", "weight": 10 },
            { "model": "block/sandstone_slab_top5", "weight": 10 }
        ],
        "type=double": [
            { "model": "block/sandstone", "weight": 40 },
            { "model": "block/sandstone1", "weight": 15 },
            { "model": "block/sandstone2", "weight": 15 },
            { "model": "block/sandstone3", "weight": 10 },
            { "model": "block/sandstone4", "weight": 10 },
            { "model": "block/sandstone5", "weight": 10 }
        ]
    }
}
