{
    "__comment": "JimStoneCraft - 2018",
    "variants": {
        "type=bottom": [
            { "model": "block/stone_slab", "weight": 40 },
            { "model": "block/stone_slab1", "weight": 15 },
            { "model": "block/stone_slab2", "weight": 15 },
            { "model": "block/stone_slab3", "weight": 10 },
            { "model": "block/stone_slab4", "weight": 10 },
            { "model": "block/stone_slab5", "weight": 10 }
        ],
        "type=top": [
            { "model": "block/stone_slab_top", "weight": 40 },
            { "model": "block/stone_slab_top1", "weight": 15 },
            { "model": "block/stone_slab_top2", "weight": 15 },
            { "model": "block/stone_slab_top3", "weight": 10 },
            { "model": "block/stone_slab_top4", "weight": 10 },
            { "model": "block/stone_slab_top5", "weight": 10 }
        ],
        "type=double": [
            { "model": "block/stone", "weight": 40 },
            { "model": "block/stone1", "weight": 15 },
            { "model": "block/stone2", "weight": 15 },
            { "model": "block/stone3", "weight": 10 },
            { "model": "block/stone4", "weight": 10 },
            { "model": "block/stone5", "weight": 10 }
        ]
    }
}

